{
  "services": "Services",
  "projects": "Projects",
  "contact": "Contact",
  "creativeIdeas": "Systems developers",
  "slogan": "We bring your ideas to life and build products to accelerate your business.",
  "aboutUs": "About us",
  "aboutUsTitle": "We are young and energetic team of professionals",
  "aboutUsContent": "We've got more than 3 years of experience in the field of software and web development. Every morning in our company begins with hot coffee and a stand-up. Discussion is an important thing in the development process. Thus new ideas and ingenious solutions are born. Then we get to work with renewed vigor and inspiration. We are never bored.",
  "readMore": "Read more",
  "ourServices": "Our services",
  "weDoEverything": "We do everything",
  "weDoEverythingContent": "You may be interested in what we can offer you. More services you can find below. We do\n                    everything at a high level.",
  "webDevelopment": "Web development",
  "appDevelopment": "App development",
  "ui/ux": "UI/UX and brand identity",
  "seo&smm": "SEO & SMM optimization",
  "letsGetStarted": "let’s get started",
  "getFreeConsultation": "Get a free consultation",
  "getFreeConsultationContent": "We always try to implement our creative ideas at the highest level. Tell us about your project and we will make it work.",
  "name": "name",
  "email": "email",
  "message":"message",
  "sendMessage":"Send message",
  "satisfiedClients":"Satisfied clients",
  "teamMembers":"Team Members",
  "successfulProjects":"Successful projects",
  "awardsWinning":"Awards winning",
  "aFewWords":"A few words",
  "whyChooseUs":"Why choose us ",
  "whyChooseUsContent":"Our team consist of both talented and experienced developers, which is a perfect composition of enthusiasm and wisdom.",
  "modernTechnologies":"Modern technologies",
  "modernTechnologiesContent":"Discussion is an important thing in the development process. Thus new ideas and ingenious solutions are born.",
  "hugeDigitalExperience":"Huge digital experience",
  "hugeDigitalExperienceContent":"Our team has been serving businesses for more than 3 years. We've got a lot of happy clients.",
  "portfolio":"portfolio",
  "ourLatestCases":"Our latest cases",
  "ourLatestCasesContent":"We always try to implement our creative ideas at the highest level. You can see it by looking at our portfolio.",
  "viewAllCases":"view all cases",
  "iLocationDescription":"Web site developed for Calling Emergency",
  "medLocationDescription":"Web site developed for booking medical services",
  "phonixDescription":"Web site developed for online shopping",
  "beAlwaysInTouch":"Be always in touch",
  "beAlwaysInTouchContent":"We are grateful to know you are interested in our content and services. Subscribe",
  "workingHours":"Working hours:",
  "address":"Address:",
  "hitUsUp":"Hit us up:",
  "ecommerceDevelopment":"E-commerce development",
  "marketingStrategy":"Marketing strategy",
  "newsletters":"Newsletters",
  "home":"Home",
  "ourAmazingCases":"Our amazing cases",
  "ourAmazingCasesContent":"You may be interested in what we can offer you. More services you can find below. We do everything at a high level.",
  "all":"all",
  "webApplication":"web application",
  "ui/uxBrand":"UI/UX and brand",
  "apps":"apps",
  "marketing": "marketing",
  "loadMore": "Load more",
  "workingDays": "Mon - Fri: 9 am - 6 pm Sat, Sun: Holiday",
  "sendAMessage": "Send a message",
  "contactUs": "Contact us"
}
