{
  "services": "Xizmatlar",
  "projects": "Loyihalar",
  "contact": "Aloqa",
  "creativeIdeas": "Systems developers",
  "slogan": "Biz g'oyalaringizni amalga oshiramiz va biznesingiz rivoji uchun texnologiyalar yaratamiz",
  "aboutUs": "Biz haqimizda",
  "aboutUsTitle": "Yosh va shijoatli mutaxassislar jamoasi",
  "aboutUsContent": "Biz dasturlash sohasida 3 yildan ortiq tajribaga egamiz. Bizning kompaniyamizda har kuni ertalab issiq qahva va stend-ap bilan boshlanadi. Muhokama rivojlanish jarayonida muhim narsadir. Shunday qilib, yangi g'oyalar va mohirona echimlar tug'iladi. So'ng biz yangi kuch va ilhom bilan ishga kirishamiz. Biz hech qachon zerikmaymiz.",
  "readMore": "Ko'proq o'qish",
  "ourServices": "Bizning xizmatlar",
  "weDoEverything": "Qo'limizdan hamma ish keladi",
  "weDoEverythingContent": "Sizga qiziq bo'lishi mumkin bo'lgan xizmatlarimiz",
  "webDevelopment": "Web dasturlash",
  "appDevelopment": "Mobile dasturlash",
  "ui/ux": "UI/UX xizmatlari",
  "seo&smm": "SEO & SMM optimizatsiya",
  "letsGetStarted": "Xabar qoldiring",
  "getFreeConsultation": "Bepul maslahat oling",
  "getFreeConsultationContent": "Biz doimo ijodiy g'oyalarimizni eng yuqori darajada amalga oshirishga harakat qilamiz. Siz loyihangizni ta'riflab bering va biz uni ro'yobga chiqaramiz.",
  "name": "Ism",
  "message": "Xabar",
  "email": "elektron pochta",
  "sendMessage": "Xabarni yuborish",
  "satisfiedClients": "Mamnun mijozlar",
  "teamMembers": "Jamoa a'zolari",
  "successfulProjects": "Muvaffaqiyatli loyihalar",
  "awardsWinning": "Sovrinlar",
  "aFewWords": "Sovrinlar",
  "whyChooseUs": "Nima uchun biz",
  "whyChooseUsContent": "Bizning jamoamiz iste'dodli va tajribali dasturchilardan iborat bo'lib, g'ayrat va donolik bilan ish yuritadi",
  "modernTechnologies": "Zamonaviy texnologiyalar",
  "modernTechnologiesContent": "Muhokama rivojlanish jarayonida muhim narsadir. Shunday qilib, yangi g'oyalar va mohirona echimlar tug'iladi. ",
  "hugeDigitalExperience": "Katta raqamli tajriba",
  "hugeDigitalExperienceContent": "Bizning jamoamiz 3 yildan ortiq vaqtdan beri korxonalarga xizmat ko'rsatmoqda. Bizda juda ko'p mamnun mijozlar bor.",
  "portfolio": "portfolio",
  "ourLatestCases": "Bizning oxirgi loyihalarimiz",
  "ourLatestCasesContent": "Biz doimo kreativ g'oyalarimizni oliy darajada amalga oshirishga harakat qilamiz. Buni bizning portfoliomizga qarab ko'rishingiz mumkin.",
  "viewAllCases": "Barcha Loyihalarni ko'rish",
  "iLocationDescription": "Favqulodda yordam chaqirish  uchun ishlab chiqilgan veb-sayt ",
  "medLocationDescription": "Favqulodda yordam chaqirish  uchun ishlab chiqilgan veb-sayt ",
  "phonixDescription": "Internet do'kon uchun ishlangan veb-sayt",
  "beAlwaysInTouch": "Har doim aloqada bo'ling",
  "beAlwaysInTouchContent": "Bizning xizmatlarimiz sizda qiziqish uyg'otganini bilishdan xursandmiz",
  "workingHours": "Ish vaqti:",
  "address": "Manzil:",
  "hitUsUp": "Biz bilan bog'laning:",
  "ecommerceDevelopment": "Elektron tijorat",
  "marketingStrategy": "Marketing strategiyasi",
  "newsletters": "Yangiliklar",
  "home": "Asosiy",
  "ourAmazingCases": "Bizning loyihalar",
  "ourAmazingCasesContent": "Sizni nima taklif qilishimiz qiziqtirishi mumkin. Batafsil xizmatlar quyida keltirilgan. Biz hamma narsani yuqori darajada qilishga harakat qilamiz.",
  "all": "hammasi",
  "webApplication": "Web ilovalar",
  "ui/uxBrand": "UI/UX va brend",
  "apps": "Ilovalar",
  "marketing": "marketing",
  "loadMore": "Ko'proq yuklash",
  "workingDays": "Dush-Jum: 9 - 18   Shanba, Yakshanba: Dam olish kuni",
  "sendAMessage": "Xabar yuboring",
  "contactUs": "Biz bilan bog'lanish"
}
