{
    "services": "Услуги",
    "projects": "Проекты",
    "contact": "Контакт",
    "creativeIdeas": "Креативные идеи",
    "slogan": "Мы реализуем ваши идеи и создаем продукты для роста вашего бизнеса.",
    "aboutUs": "О нас",
    "aboutUsTitle": "Мы  Молодая И Энергичная Команда Профессионалов",
    "aboutUsContent": "У нас более 3 лет опыта в сфере программного обеспечения и веб-разработки. Каждое утро в нашей компании начинается с горячего кофе и стендапа. Обсуждение — важная вещь в процессе разработки. Так рождаются новые идеи и гениальные решения. Затем приступаем к работе с новыми силами и вдохновением. Нам никогда не бывает скучно.",
    "readMore": "Читать больше",
    "ourServices": "Наши услуги",
    "weDoEverything": "Мы умеем всё",
    "weDoEverythingContent": "Наши услуги которые, вас заинтересуют",
    "webDevelopment": "Веб разработка",
    "appDevelopment": "Мобильная разработка",
    "ui/ux": "UI/UX и идентичность бренда",
    "seo&smm": "SEO & SMM оптимизация",
    "letsGetStarted": "Оставьте сообщение",
    "getFreeConsultation": "Получите Бесплатную Консультацию",
    "getFreeConsultationContent": "Мы всегда стараемся реализовать наши творческие идеи на самом высоком уровне. Расскажите нам о своем проекте, и мы воплощаем его в реальность.",
    "name": "имя",
    "email": "Электронная почта",
    "message": "Сообщение",
    "sendMessage": "Отправить Сообщение",
    "satisfiedClients": "Довольные Клиенты",
    "teamMembers": "участники команды",
    "successfulProjects": "Успешные Проекты",
    "awardsWinning": "Завоевание Наград",
    "aFewWords":"несколько слов",
    "whyChooseUs":"Почему мы",
    "whyChooseUsContent":"Наша команда состоит как из талантливых, так и из опытных разработчиков, что представляет собой идеальное сочетание энтузиазма и мудрости.",
    "modernTechnologies":"Современные технологии",
    "modernTechnologiesContent":"Обсуждение — важная вещь в процессе разработки. Так рождаются новые идеи и гениальные решения. Затем приступаем к работе с новыми силами и вдохновением.",
    "hugeDigitalExperience":"Огромный Цифровой Опыт",
    "hugeDigitalExperienceContent":"Наша команда обслуживает бизнес уже более 3-х лет. У нас много счастливых клиентов.",
    "portfolio":"Портфолио",
    "ourLatestCases":"Наши последные проекты",
    "ourLatestCasesContent":"Мы всегда стараемся реализовать наши творческие идеи на самом высоком уровне. Вы можете убедиться в этом, просмотрев наше портфолио.",
    "viewAllCases":"Смотреть все проекты",
    "iLocationDescription":"Веб-сайт разработанный для вызова экстренных служб",
    "medLocationDescription":"Веб-сайт разработанный для бронирования медицинских услуг",
    "phonixDescription":"Веб-сайт разработанный для интернет-магазина",
    "beAlwaysInTouch":"Будь Всегда на связи",
    "beAlwaysInTouchContent":"Мы рады узнать, что вы заинтересованы в нашем контенте и услугах. Подписываться",
    "workingHours":"Рабочее Время:",
    "address":"Адрес:",
    "hitUsUp":"Свяжитесь с нами:",
    "ecommerceDevelopment":"Электронная коммерция",
    "marketingStrategy":"маркетинговая стратегия",
    "newsletters":"Новости",
    "home":"Главная",
    "ourAmazingCases":"Наши Проекты",
    "ourAmazingCasesContent":"Возможно, вас заинтересует то, что мы можем вам предложить. Дополнительные услуги вы можете найти ниже. Мы стараемся делать все  на высоком уровне.",
    "all":"Все",
    "webApplication":"Веб приложения",
    "ui/uxBrand":"UI/UX и Бренд",
    "apps":"Приложения",
    "marketing":"Маркетинг",
    "loadMore":"Загружать больше",
    "workingDays":"Пн - Пт: 9 утра - 6 вечера Сб, Вс:  Выходной",
    "sendAMessage":"Отправьте сообщение",
    "contactUs": "Связаться с нами"
}
